keywords,sub interest,interest,Score,Update Date,Note
marlborored,Marlboro,Brand Mention,,14-Sep-18,Berlaku
marlboromerah,Marlboro,Brand Mention,,14-Sep-18,Berlaku
marlborogoldlights,Marlboro,Brand Mention,,14-Sep-18,Berlaku
marlboroiceburst,Marlboro,Brand Mention,,14-Sep-18,Berlaku
marlborofilterblack,Marlboro,Brand Mention,,14-Sep-18,Berlaku
marlboromildblack,Marlboro,Brand Mention,,14-Sep-18,Berlaku
blackmenthol,Marlboro,Brand Mention,,14-Sep-18,Berlaku
blackmentol,Marlboro,Brand Mention,,14-Sep-18,Berlaku
blackmenthol,Marlboro,Brand Mention,,14-Sep-18,Berlaku
blackmentol,Marlboro,Brand Mention,,14-Sep-18,Berlaku
blekmentol,Marlboro,Brand Mention,,14-Sep-18,Berlaku
blekmentol,Marlboro,Brand Mention,,14-Sep-18,Berlaku
filterblack,Marlboro,Brand Mention,,14-Sep-18,Berlaku
iceblast,Marlboro,Brand Mention,,14-Sep-18,Berlaku
iceblast,Marlboro,Brand Mention,,14-Sep-18,Berlaku
mallboro,Marlboro,Brand Mention,,14-Sep-18,Berlaku
malrboro,Marlboro,Brand Mention,,14-Sep-18,Berlaku
marbor,Marlboro,Brand Mention,,14-Sep-18,Berlaku
marboro,Marlboro,Brand Mention,,14-Sep-18,Berlaku
marlboro,Marlboro,Brand Mention,,14-Sep-18,Berlaku
marlborobaru,Marlboro,Brand Mention,,14-Sep-18,Berlaku
newmarlboro,Marlboro,Brand Mention,,14-Sep-18,Berlaku
youdecide,Marlboro,Brand Message,,14-Sep-18,Berlaku
guedecide,Marlboro,Brand Message,,14-Sep-18,Berlaku
newflow,Marlboro,Brand Message,,14-Sep-18,Berlaku
newlandid,Marlboro,Engagement/Activities,,14-Sep-18,Berlaku
newlandultra,Marlboro,Engagement/Activities,,14-Sep-18,Berlaku
newlanddwp,Marlboro,Engagement/Activities,,14-Sep-18,Berlaku
kataliskota,Marlboro,Engagement/Activities,,14-Sep-18,Berlaku
mbrace,Marlboro,Engagement/Activities,,14-Sep-18,Berlaku
decidecorner,Marlboro,Engagement/Activities,,14-Sep-18,Berlaku
medanberkawan,Marlboro,Engagement/Activities,,14-Sep-18,Berlaku
360vertical,Marlboro,Engagement/Activities,,14-Sep-18,Berlaku
slicecult,Marlboro,Engagement/Activities,,14-Sep-18,Berlaku
litmus,Marlboro,Engagement/Activities,,14-Sep-18,Berlaku
socialhost,Marlboro,Engagement/Activities,,14-Sep-18,Berlaku
eatsribe,Marlboro,Engagement/Activities,,14-Sep-18,Berlaku
guedecidesurabaya,Marlboro,Engagement/Activities,,14-Sep-18,Berlaku
pinnaclehoz,Marlboro,Engagement/Activities,,14-Sep-18,Berlaku
mahakamproject,Marlboro,Engagement/Activities,,14-Sep-18,Berlaku
newlandsamarinda,Marlboro,Engagement/Activities,,14-Sep-18,Berlaku
newlandmakassar,Marlboro,Engagement/Activities,,14-Sep-18,Berlaku
semalamsaja,Marlboro,Engagement/Activities,,14-Sep-18,Berlaku
ineedmoredisco,Marlboro,Engagement/Activities,,14-Sep-18,Berlaku
leftylooseyjkt,Marlboro,Engagement/Activities,,14-Sep-18,Berlaku
allgoneloose,Marlboro,Engagement/Activities,,14-Sep-18,Berlaku
spektrum_22,Marlboro,Engagement/Activities,,14-Sep-18,Berlaku
spektrum22,Marlboro,Engagement/Activities,,14-Sep-18,Berlaku
revival.14.15,Marlboro,Engagement/Activities,,14-Sep-18,Berlaku
revival_jog,Marlboro,Engagement/Activities,,14-Sep-18,Berlaku
frekuensiantarabali,Marlboro,Engagement/Activities,,14-Sep-18,Berlaku
doubledeermusic,Marlboro,Engagement/Activities,,14-Sep-18,Berlaku
AdexYou,Marlboro,Engagement/Activities,,14-Sep-18,Berlaku
DDFF11,Marlboro,Engagement/Activities,,14-Sep-18,Berlaku
DDFF13,Marlboro,Engagement/Activities,,14-Sep-18,Berlaku
DDFF14,Marlboro,Engagement/Activities,,14-Sep-18,Berlaku
decideyouflow,Marlboro,Engagement/Activities,,14-Sep-18,Berlaku
decideyourflow,Marlboro,Engagement/Activities,,14-Sep-18,Berlaku
dewataproject,Marlboro,Engagement/Activities,,14-Sep-18,Berlaku
disctrick,Marlboro,Engagement/Activities,,14-Sep-18,Berlaku
districtco,Marlboro,Engagement/Activities,,14-Sep-18,Berlaku
djakartawarehouseproject,Marlboro,Engagement/Activities,,14-Sep-18,Berlaku
djakartawarehouseproject2016,Marlboro,Engagement/Activities,,14-Sep-18,Berlaku
dwp2016,Marlboro,Engagement/Activities,,14-Sep-18,Berlaku
forthescene,Marlboro,Engagement/Activities,,14-Sep-18,Berlaku
freedomtrc,Marlboro,Engagement/Activities,,14-Sep-18,Berlaku
frekuensiantara,Marlboro,Engagement/Activities,,14-Sep-18,Berlaku
heroesofdecree,Marlboro,Engagement/Activities,,14-Sep-18,Berlaku
huma_sr,Marlboro,Engagement/Activities,,14-Sep-18,Berlaku
idecide,Marlboro,Engagement/Activities,,14-Sep-18,Berlaku
idecideto,Marlboro,Engagement/Activities,,14-Sep-18,Berlaku
idecidetoevolve,Marlboro,Engagement/Activities,,14-Sep-18,Berlaku
jakartamovers,Marlboro,Engagement/Activities,,14-Sep-18,Berlaku
kinestetik_,Marlboro,Engagement/Activities,,14-Sep-18,Berlaku
limagine80,Marlboro,Engagement/Activities,,14-Sep-18,Berlaku
magicmahakam,Marlboro,Engagement/Activities,,14-Sep-18,Berlaku
magicmahakam,Marlboro,Engagement/Activities,,14-Sep-18,Berlaku
marbleproject,Marlboro,Engagement/Activities,,14-Sep-18,Berlaku
marlboroinultrabali,Marlboro,Engagement/Activities,,14-Sep-18,Berlaku
mbience,Marlboro,Engagement/Activities,,14-Sep-18,Berlaku
mobomedan,Marlboro,Engagement/Activities,,14-Sep-18,Berlaku
move,Marlboro,Engagement/Activities,,14-Sep-18,Berlaku
move.co.id,Marlboro,Engagement/Activities,,14-Sep-18,Berlaku
moveid,Marlboro,Engagement/Activities,,14-Sep-18,Berlaku
movers,Marlboro,Engagement/Activities,,14-Sep-18,Berlaku
movesamarinda,Marlboro,Engagement/Activities,,14-Sep-18,Berlaku
movexjumatblarrr,Marlboro,Engagement/Activities,,14-Sep-18,Berlaku
mynewflow,Marlboro,Engagement/Activities,,14-Sep-18,Berlaku
neuland,Marlboro,Engagement/Activities,,14-Sep-18,Berlaku
neulandid,Marlboro,Engagement/Activities,,14-Sep-18,Berlaku
neversaymaybe,Marlboro,Engagement/Activities,,14-Sep-18,Berlaku
newland,Marlboro,Engagement/Activities,,14-Sep-18,Berlaku
newlandfestival,Marlboro,Engagement/Activities,,14-Sep-18,Berlaku
newlandparty,Marlboro,Engagement/Activities,,14-Sep-18,Berlaku
projectkontent,Marlboro,Engagement/Activities,,14-Sep-18,Berlaku
racingjourney,Marlboro,Engagement/Activities,,14-Sep-18,Berlaku
RidewithAdeHabibie,Marlboro,Engagement/Activities,,14-Sep-18,Berlaku
RidexYou,Marlboro,Engagement/Activities,,14-Sep-18,Berlaku
RoadtoRockxRide,Marlboro,Engagement/Activities,,14-Sep-18,Berlaku
RockwithKPR,Marlboro,Engagement/Activities,,14-Sep-18,Berlaku
rockxride,Marlboro,Engagement/Activities,,14-Sep-18,Berlaku
RockxRideTour2017,Marlboro,Engagement/Activities,,14-Sep-18,Berlaku
sansrideoi,Marlboro,Engagement/Activities,,14-Sep-18,Berlaku
sublimemovers,Marlboro,Engagement/Activities,,14-Sep-18,Berlaku
theracingjourney,Marlboro,Engagement/Activities,,14-Sep-18,Berlaku
therockcampus,Marlboro,Engagement/Activities,,14-Sep-18,Berlaku
tiltproject,Marlboro,Engagement/Activities,,14-Sep-18,Berlaku
ultrabali,Marlboro,Engagement/Activities,,14-Sep-18,Berlaku
ultrabali2017,Marlboro,Engagement/Activities,,14-Sep-18,Berlaku
unlockpossibilities,Marlboro,Engagement/Activities,,14-Sep-18,Berlaku
iceburst,Marlboro,Produk,,14-Sep-18,Berlaku
mildblack,Marlboro,Produk,,14-Sep-18,Berlaku
iqos,Marlboro,Produk,,14-Sep-18,Berlaku
marlboroiqos,Marlboro,Produk,,14-Sep-18,Berlaku
fredommtrc,Marlboro,Engagement/Activities,,14-Sep-18,Berlaku
ROADTOROKUMSUNDOWNTOKYOPARTIES,Marlboro,Engagement/Activities,,14-Sep-18,Berlaku
RokumSundownTokyo2018,Marlboro,Engagement/Activities,,14-Sep-18,Berlaku
faroutmusicseries,Marlboro,Engagement/Activities,,14-Sep-18,Berlaku
darklabcircle,Marlboro,Engagement/Activities,,14-Sep-18,Berlaku
bataviastrut,Marlboro,Engagement/Activities,,14-Sep-18,Berlaku
rokumrecords,Marlboro,Engagement/Activities,,14-Sep-18,Berlaku
ProtomartyrJKT,Marlboro,Engagement/Activities,,14-Sep-18,Berlaku
MarijannahPotionJKT,Marlboro,Engagement/Activities,,14-Sep-18,Berlaku
optiml,Marlboro,Engagement/Activities,,,
Optml,Marlboro,Engagement/Activities,,,
optimal,Marlboro,Engagement/Activities,,,
FrekuensiAntara,Marlboro,Engagement/Activities,,,
SyahEstablishments,Marlboro,Engagement/Activities,,,
PartyWithSyah,Marlboro,Engagement/Activities,,,
